client_id,month,region,revenue,orders,returns
C1001,2025-01-01,East,43576.2,173,3
C1001,2025-02-01,West,40271.74,161,1
C1001,2025-03-01,North,47889.38,196,4
C1001,2025-04-01,South,41560.65,207,6
C1001,2025-05-01,East,45421.89,202,10
C1001,2025-06-01,West,47893.4,184,3
C1001,2025-07-01,North,42244.91,184,2
C1001,2025-08-01,North,48093.86,221,12
C1001,2025-09-01,South,50608.77,228,5
C1001,2025-10-01,South,42301.35,216,9
C1001,2025-11-01,South,45873.17,218,11
C1001,2025-12-01,North,45928.38,228,12
C1001,2026-01-01,East,52232.97,210,9
C1001,2026-02-01,East,46434.58,207,7
C1001,2026-03-01,East,59748.96,286,3
C1001,2026-04-01,East,52759.41,256,4
C1001,2026-05-01,East,60701.34,288,11
C1001,2026-06-01,West,58053.77,251,10
C1001,2026-07-01,South,51135.9,237,7
C1001,2026-08-01,North,50947.49,197,4
C1002,2025-01-01,South,18927.53,92,3
C1002,2025-02-01,West,16330.94,65,3
C1002,2025-03-01,South,20988.4,93,1
C1002,2025-04-01,North,21529.33,96,1
C1002,2025-05-01,East,21679.82,93,2
C1002,2025-06-01,East,19271.07,96,1
C1002,2025-07-01,West,22435.37,103,2
C1002,2025-08-01,East,22067.16,121,3
C1002,2025-09-01,South,17938.11,94,4
C1002,2025-10-01,West,20782.62,93,4
C1002,2025-11-01,South,20590.49,90,2
C1002,2025-12-01,East,22085.82,91,5
C1002,2026-01-01,South,19983.51,78,3
C1002,2026-02-01,North,24792.82,129,3
C1002,2026-03-01,West,25219.05,139,6
C1002,2026-04-01,East,23491.29,98,2
C1002,2026-05-01,North,21611.06,103,2
C1002,2026-06-01,North,27362.63,121,3
C1002,2026-07-01,North,22802.08,89,5
C1002,2026-08-01,South,24955.67,112,6
C1003,2025-01-01,West,81535.1,360,19
C1003,2025-02-01,South,75465.24,297,3
C1003,2025-03-01,East,77380.09,349,7
C1003,2025-04-01,West,87956.35,375,17
C1003,2025-05-01,South,85271.82,330,9
C1003,2025-06-01,South,76149.03,413,8
C1003,2025-07-01,East,95729.3,387,15
C1003,2025-08-01,North,86099.28,378,16
C1003,2025-09-01,West,83046.53,323,13
C1003,2025-10-01,South,93318.13,479,6
C1003,2025-11-01,East,88779.1,368,17
C1003,2025-12-01,West,81960.91,323,16
C1003,2026-01-01,West,104918.09,472,5
C1003,2026-02-01,West,82266.14,452,10
C1003,2026-03-01,West,89942.26,461,5
C1003,2026-04-01,East,101479.1,525,23
C1003,2026-05-01,East,85906.28,419,15
C1003,2026-06-01,West,111359.62,478,19
C1003,2026-07-01,South,93786.36,415,20
C1003,2026-08-01,North,119355.67,480,6
C1004,2025-01-01,North,9040.18,44,1
C1004,2025-02-01,North,10554.71,51,2
C1004,2025-03-01,West,10760.68,56,3
C1004,2025-04-01,West,9155.49,40,1
C1004,2025-05-01,South,10596.53,56,2
C1004,2025-06-01,East,11465.38,46,1
C1004,2025-07-01,South,11348.78,45,0
C1004,2025-08-01,West,9292.26,40,0
C1004,2025-09-01,West,11230.62,43,0
C1004,2025-10-01,South,11063.74,47,0
C1004,2025-11-01,North,10991.6,57,2
C1004,2025-12-01,East,11161.82,53,1
C1004,2026-01-01,North,10773.01,53,1
C1004,2026-02-01,South,10467.28,43,1
C1004,2026-03-01,North,11429.28,61,1
C1004,2026-04-01,West,10991.03,57,0
C1004,2026-05-01,West,14068.85,69,3
C1004,2026-06-01,South,13187.99,67,2
C1004,2026-07-01,South,14408.08,68,1
C1004,2026-08-01,East,14004.07,57,2
C1005,2025-01-01,East,32620.07,155,5
C1005,2025-02-01,North,34062.26,174,4
C1005,2025-03-01,East,32589.35,135,2
C1005,2025-04-01,West,29747.54,121,5
C1005,2025-05-01,East,35699.45,137,7
C1005,2025-06-01,West,36934.89,174,7
C1005,2025-07-01,East,31433.19,130,5
C1005,2025-08-01,West,34754.76,165,5
C1005,2025-09-01,South,30925.66,124,3
C1005,2025-10-01,East,37107.07,156,4
C1005,2025-11-01,South,40889.95,161,2
C1005,2025-12-01,South,40774.2,157,2
C1005,2026-01-01,South,40892.58,166,2
C1005,2026-02-01,West,34276.83,132,2
C1005,2026-03-01,West,35832.72,158,7
C1005,2026-04-01,South,36558.84,144,3
C1005,2026-05-01,South,44223.61,238,2
C1005,2026-06-01,South,39219.71,191,8
C1005,2026-07-01,West,41591.06,225,12
C1005,2026-08-01,West,48123.1,240,7
